first_name,last_name,title,company,phone,email,im,websites,info,photo,age
太郎,山田,部長,東京商事,03-1234-5678,yamada@tokyo-biz.co.jp,skype/taro_yamada,http://tokyo-biz.co.jp,代理店からの紹介,1.png,33
和美,井上,,東京ソリューション,03-1234-5679,,,,,2.png,22
孝彦,木下,課長,東京コンサルティング,03-1234-5680,,,,代理店からの紹介,3.png,44
栄一朗,荒木,シニアコンサルタント,東京システム,03-1234-5681,,,,,4.png,26
誠,平田,,東京エンジニアリング,03-1234-5682,,,,,5.png,24
真央,戸田,,東京印刷,03-1234-5683,,,,代理店からの紹介,6.png,22
祐志,飯田,係長,東京デザイン,03-1234-5684,,,,代理店からの紹介,7.png,45
守,柏野,,東京ソフトウェア,03-1234-5685,,,,代理店からの紹介,8.png,23
結衣,木本,,東京トラベル,03-1234-5688,,,,代理店からの紹介,9.png,28
涼平,本田,,東京サポート,03-1234-5686,,,,代理店からの紹介,10.png,25
新一,小竹,取締役,東京工芸,03-1234-5687,,,,代理店からの紹介,no-image.png,55
竜司,川上,担当部長,東京建設,03-1234-5689,,,,,no-image.png,51
亮太,竹林,,東京情報サービス,03-1234-5690,,,,,no-image.png,31
翼,平野,リーダー,東京商事,03-1234-5691,,,http://tokyo-biz.co.jp,代理店からの紹介,no-image.png,34
純子,真田,,東京商事,03-1234-5678,,,http://tokyo-biz.co.jp,,no-image.png,41
貴,木暮,,東京ソリューション,03-1234-5679,,,,,no-image.png,28
桔平,大竹,係長,東京コンサルティング,03-1234-5680,,,,,no-image.png,31
香,飯沼,,東京システム,03-1234-5681,,,,代理店からの紹介,no-image.png,23
美紗子,白井,,東京エンジニアリング,03-1234-5682,,,,,no-image.png,25
和也,高木,次長,東京印刷,03-1234-5683,,,,,no-image.png,41
愛,木田,,東京デザイン,03-1234-5684,,,,代理店からの紹介,no-image.png,28
健一郎,佐藤,,東京ソフトウェア,03-1234-5685,,,,代理店からの紹介,no-image.png,26
加奈子,高橋,,東京サポート,03-1234-5686,,,,代理店からの紹介,no-image.png,32
充,佐山,担当課長,東京工芸,03-1234-5687,,,,代理店からの紹介,no-image.png,45
由貴,椎名,係長,東京トラベル,03-1234-5688,,,,,no-image.png,32
譲二,今田,,東京建設,03-1234-5689,,,,,no-image.png,33
正志,中村,,東京情報サービス,03-1234-5690,,,,代理店からの紹介,no-image.png,35
尚美,戸田,アソシエイト,東京商事,03-1234-5678,,,http://tokyo-biz.co.jp,,no-image.png,24
翔太郎,葉山,,東京商事,03-1234-5678,,,http://tokyo-biz.co.jp,,no-image.png,23
優子,永井,主任,東京ソリューション,03-1234-5679,,,,,no-image.png,28
太郎,平野,,東京コンサルティング,03-1234-5680,,,,代理店からの紹介,no-image.png,22
和美,真田,,東京システム,03-1234-5681,,,,代理店からの紹介,no-image.png,29
孝彦,木暮,,東京エンジニアリング,03-1234-5682,,,,代理店からの紹介,no-image.png,25
栄一朗,大竹,常務,東京印刷,03-1234-5683,,,,代理店からの紹介,no-image.png,58
誠,飯沼,,東京デザイン,03-1234-5684,,,,,no-image.png,31
貴,白井,,東京ソフトウェア,03-1234-5685,,,,,no-image.png,28
桔平,高木,,東京サポート,03-1234-5686,,,,,no-image.png,33
香,木田,,東京工芸,03-1234-5687,,,,代理店からの紹介,no-image.png,55
美紗子,山田,,東京トラベル,03-1234-5688,,,,代理店からの紹介,no-image.png,25
和也,井上,課長,東京建設,03-1234-5689,,,,代理店からの紹介,no-image.png,38
貴,木下,,東京情報サービス,03-1234-5690,,,,代理店からの紹介,no-image.png,29
桔平,荒木,,東京商事,03-1234-5678,,,http://tokyo-biz.co.jp,代理店からの紹介,no-image.png,25
香,平田,マネージャー,東京ソリューション,03-1234-5679,,,,,no-image.png,41
美紗子,時任,,東京コンサルティング,03-1234-5680,,,,,no-image.png,34
和也,佐沼,担当部長,東京システム,03-1234-5681,,,,代理店からの紹介,no-image.png,49